URL odkaz bytu,Rozmery bytu,Dispozice bytu,Cena bytu,Lokace bytu_ulica,Lokace bytu_mesto
https://www.sreality.cz/detail/pronajem/byt/1+kk/zlin-zlin-devadesata/3612021580,35.0,1+kk,12900.0,Devadesátá, Zlín
https://www.sreality.cz/detail/pronajem/byt/1+kk/zlin-zlin-nad-stranemi/1328034636,28.0,1+kk,10000.0,Nad Stráněmi, Zlín
https://www.sreality.cz/detail/pronajem/byt/2+kk/zlin-jaroslavice-v-doline/592909132,45.0,2+kk,9500.0,V Dolině, Zlín - Jaroslavice
https://www.sreality.cz/detail/pronajem/byt/2+1/zlin-zlin-trida-tomase-bati/214295372,60.0,2+1,16000.0,třída Tomáše Bati, Zlín
https://www.sreality.cz/detail/pronajem/byt/2+1/zlin-zlin-dlouha/1365844812,56.0,2+1,13000.0,Dlouhá, Zlín
https://www.sreality.cz/detail/pronajem/byt/1+kk/zlin-zlin-j-a-bati/1357919052,58.0,1+kk,,J. A. Bati, Zlín
https://www.sreality.cz/detail/pronajem/byt/1+kk/zlin-zlin-j-a-bati/2892255820,31.0,1+kk,,J. A. Bati, Zlín
https://www.sreality.cz/detail/pronajem/byt/1+kk/zlin-zlin-breznicka/1564590924,47.0,1+kk,12900.0,Březnická, Zlín
https://www.sreality.cz/detail/pronajem/byt/2+1/zlin-mladcova-mokra-ii/1497174860,65.0,2+1,20000.0,Mokrá II, Zlín - Mladcová
https://www.sreality.cz/detail/pronajem/byt/1+kk/zlin-zlin-vejvanovska/3858641740,20.0,1+kk,14900.0,Vejvanovská, Zlín
https://www.sreality.cz/detail/pronajem/byt/1+1/zlin-zlin-vejvanovska/2635760460,30.0,1+1,15500.0,Vejvanovská, Zlín
https://www.sreality.cz/detail/pronajem/byt/1+kk/zlin-zlin-vejvanovska/2375885644,20.0,1+kk,10900.0,Vejvanovská, Zlín
https://www.sreality.cz/detail/pronajem/byt/2+kk/zlin-louky-zadni-luhy/4022870604,44.0,2+kk,12900.0,Zadní luhy, Zlín - Louky
https://www.sreality.cz/detail/pronajem/byt/2+kk/zlin-louky-zadni-luhy/2311992140,62.0,2+kk,21000.0,Zadní luhy, Zlín - Louky
https://www.sreality.cz/detail/pronajem/byt/3+1/zlin-zlin-dily-iv/1646269260,65.0,3+1,13500.0,Díly IV, Zlín
https://www.sreality.cz/detail/pronajem/byt/1+1/zlin-zlin-sokolska/4028633932,50.0,1+1,10500.0,Sokolská, Zlín
https://www.sreality.cz/detail/pronajem/byt/2+1/zlin-zlin-nivy-ii/840512332,120.0,2+1,20500.0,Nivy II, Zlín
https://www.sreality.cz/detail/pronajem/byt/3+1/zlin-zlin-na-honech-iii/838738764,65.0,3+1,16000.0,Na Honech III, Zlín
https://www.sreality.cz/detail/pronajem/byt/2+kk/zlin-malenovice-zahradni/528552780,43.0,2+kk,14200.0,Zahradní, Zlín - Malenovice
https://www.sreality.cz/detail/pronajem/byt/2+1/zlin-zlin-/1944130380,59.0,2+1,16500.0,Zlín,Zlín
https://www.sreality.cz/detail/pronajem/byt/1+1/zlin-zlin-sevcovska/3521188684,33.0,1+1,12000.0,Ševcovská, Zlín
https://www.sreality.cz/detail/pronajem/byt/1+kk/zlin-zlin-nad-stranemi/2467500876,33.0,1+kk,13500.0,Nad Stráněmi, Zlín
https://www.sreality.cz/detail/pronajem/byt/1+kk/zlin-malenovice-pod-hradem-i/2288522060,32.0,1+kk,13000.0,Pod Hradem I, Zlín - Malenovice
https://www.sreality.cz/detail/pronajem/byt/3+kk/zlin-zlin-rasinova/889008972,100.0,3+kk,16000.0,Rašínova, Zlín
https://www.sreality.cz/detail/pronajem/byt/1+kk/zlin-zlin-j-a-bati/4049670988,41.0,1+kk,13000.0,J. A. Bati, Zlín
https://www.sreality.cz/detail/pronajem/byt/1+kk/zlin-zlin-zalesna-vii/1717637964,32.0,1+kk,9500.0,Zálešná VII, Zlín
https://www.sreality.cz/detail/pronajem/byt/3+1/zlin-malenovice-mlynska/1598829388,70.0,3+1,14000.0,Mlýnská, Zlín - Malenovice
https://www.sreality.cz/detail/pronajem/byt/2+1/zlin-zlin-lorencova/1423913804,66.0,2+1,12500.0,Lorencova, Zlín
https://www.sreality.cz/detail/pronajem/byt/3+1/zlin-zlin-santraziny/1980240716,74.0,3+1,20000.0,Santražiny, Zlín
https://www.sreality.cz/detail/pronajem/byt/1+1/zlin-zlin-dlouha/3044152140,40.0,1+1,11500.0,Dlouhá, Zlín
https://www.sreality.cz/detail/pronajem/byt/1+kk/zlin-zlin-/1231369036,32.0,1+kk,11000.0,Zlín,Zlín
https://www.sreality.cz/detail/pronajem/byt/2+1/zlin-zlin-sokolska/2702906188,55.0,2+1,15000.0,Sokolská, Zlín
https://www.sreality.cz/detail/pronajem/byt/2+1/zlin-priluky-zborovska/128652108,63.0,2+1,14000.0,Zborovská, Zlín - Příluky
https://www.sreality.cz/detail/pronajem/byt/3+1/zlin-zlin-zalesna-i/1372066636,73.0,3+1,19900.0,Zálešná I, Zlín
https://www.sreality.cz/detail/pronajem/byt/4+1/zlin-zlin-pod-vrskem/1144132428,130.0,4+1,,Pod Vrškem, Zlín
https://www.sreality.cz/detail/pronajem/byt/1+1/zlin-zlin-nivy-i/3066893132,43.0,1+1,11000.0,Nivy I, Zlín
https://www.sreality.cz/detail/pronajem/byt/1+kk/zlin-zlin-lesetin-i/2190414668,66.0,1+kk,14800.0,Lešetín I, Zlín
https://www.sreality.cz/detail/pronajem/byt/2+kk/zlin-zlin-lesetin-i/3768521548,88.0,2+kk,19800.0,Lešetín I, Zlín
https://www.sreality.cz/detail/pronajem/byt/3+kk/zlin-priluky-staromlynska/504238924,105.0,3+kk,16500.0,Staromlýnská, Zlín - Příluky
https://www.sreality.cz/detail/pronajem/byt/3+kk/zlin-prstne-sykory-ii/1525158732,119.0,3+kk,29000.0,Sýkory II, Zlín - Prštné
https://www.sreality.cz/detail/pronajem/byt/2+kk/zlin-zlin-zelinova/2535985996,53.0,2+kk,16000.0,Zelinova, Zlín
https://www.sreality.cz/detail/pronajem/byt/1+kk/zlin-zlin-smetanova/1515787084,40.0,1+kk,14000.0,Smetanova, Zlín
https://www.sreality.cz/detail/pronajem/byt/1+kk/zlin-zlin-nad-stranemi/2467500876,33.0,1+kk,13500.0,Nad Stráněmi, Zlín
https://www.sreality.cz/detail/pronajem/byt/1+kk/zlin-zlin-nad-stranemi/2467500876,33.0,1+kk,13500.0,Nad Stráněmi, Zlín
https://www.sreality.cz/detail/pronajem/byt/3+1/zlin-zlin-budovatelska/4145222476,72.0,3+1,19000.0,Budovatelská, Zlín
https://www.sreality.cz/detail/pronajem/byt/1+kk/zlin-zlin-lorencova/3996324684,43.0,1+kk,12000.0,Lorencova, Zlín
https://www.sreality.cz/detail/pronajem/byt/1+kk/zlin-zlin-nivy-ii/3578188620,60.0,1+kk,10000.0,Nivy II, Zlín
https://www.sreality.cz/detail/pronajem/byt/2+1/zlin-malenovice-trida-svobody/664539980,54.0,2+1,12900.0,třída Svobody, Zlín - Malenovice
https://www.sreality.cz/detail/pronajem/byt/2+kk/zlin-zlin-sevcovska/517002060,41.0,2+kk,16500.0,Ševcovská, Zlín
https://www.sreality.cz/detail/pronajem/byt/4+1/zlin-zlin-trida-tomase-bati/3512582988,83.0,4+1,19900.0,třída Tomáše Bati, Zlín
https://www.sreality.cz/detail/pronajem/byt/3+kk/zlin-prstne-l-vachy/2238116684,75.0,3+kk,12500.0,L. Váchy, Zlín - Prštné
https://www.sreality.cz/detail/pronajem/byt/4+1/zlin-zlin-okruzni/1289491276,80.0,4+1,15000.0,Okružní, Zlín
https://www.sreality.cz/detail/pronajem/byt/2+1/zlin-zlin-stefanikova/1421722444,58.0,2+1,15500.0,Štefánikova, Zlín
https://www.sreality.cz/detail/pronajem/byt/3+kk/zlin-malenovice-jarolimkovo-namesti/4037874508,82.0,3+kk,25000.0,Jarolímkovo náměstí, Zlín - Malenovice
https://www.sreality.cz/detail/pronajem/byt/2+1/zlin-zlin-lucni/1878401868,58.0,2+1,16000.0,Luční, Zlín
https://www.sreality.cz/detail/pronajem/byt/1+1/zlin-malenovice-/4168815436,32.0,1+1,10000.0,Zlín - Malenovice,Zlín - Malenovice
https://www.sreality.cz/detail/pronajem/byt/3+kk/zlin-zlin-dily-iii/1597821772,92.0,3+kk,30700.0,Díly III, Zlín
https://www.sreality.cz/detail/pronajem/byt/2+kk/zlin-zlin-dily-iii/1295831884,49.0,2+kk,17900.0,Díly III, Zlín
https://www.sreality.cz/detail/pronajem/byt/3+1/zlin-zlin-obeciny-x/3052741452,73.0,3+1,13300.0,Obeciny X, Zlín
https://www.sreality.cz/detail/pronajem/byt/1+1/zlin-zlin-podlesi-v/3666744140,33.0,1+1,12000.0,Podlesí V, Zlín
https://www.sreality.cz/detail/pronajem/byt/1+kk/zlin-zlin-j-a-bati/4226466636,41.0,1+kk,13500.0,J. A. Bati, Zlín
https://www.sreality.cz/detail/pronajem/byt/1+kk/zlin-zlin-nad-stranemi/2513552204,37.0,1+kk,12500.0,Nad Stráněmi, Zlín
https://www.sreality.cz/detail/pronajem/byt/1+kk/zlin-zlin-nad-stranemi/2895061836,37.0,1+kk,10000.0,Nad Stráněmi, Zlín
https://www.sreality.cz/detail/pronajem/byt/1+kk/zlin-zlin-nad-stranemi/2163602252,34.0,1+kk,12500.0,Nad Stráněmi, Zlín
https://www.sreality.cz/detail/pronajem/byt/1+kk/zlin-zlin-plesnikova/1913525068,35.0,1+kk,10000.0,Plesníkova, Zlín
https://www.sreality.cz/detail/pronajem/byt/1+kk/zlin-zlin-lorencova/2069500748,43.0,1+kk,12500.0,Lorencova, Zlín
https://www.sreality.cz/detail/pronajem/byt/1+1/zlin-mladcova-mokra-ii/338563916,36.0,1+1,15000.0,Mokrá II, Zlín - Mladcová
https://www.sreality.cz/detail/pronajem/byt/1+kk/zlin-zlin-na-pozare/1450054476,24.0,1+kk,10000.0,Na Požáře, Zlín
https://www.sreality.cz/detail/pronajem/byt/4+kk/zlin-zlin-havlickovo-nabrezi/732894028,127.0,4+kk,33000.0,Havlíčkovo nábřeží, Zlín
https://www.sreality.cz/detail/pronajem/byt/2+kk/zlin-zlin-lorencova/223163212,40.0,2+kk,18500.0,Lorencova, Zlín
https://www.sreality.cz/detail/pronajem/byt/1+kk/zlin-zlin-stefanikova/3254657868,28.0,1+kk,8000.0,Štefánikova, Zlín
https://www.sreality.cz/detail/pronajem/byt/1+kk/zlin-zlin-nad-stranemi/869208908,36.0,1+kk,12500.0,Nad Stráněmi, Zlín
https://www.sreality.cz/detail/pronajem/byt/2+kk/zlin-zlin-stefanikova/1439634252,52.0,2+kk,20650.0,Štefánikova, Zlín
https://www.sreality.cz/detail/pronajem/byt/2+kk/zlin-zlin-nad-stranemi/4111938380,60.0,2+kk,15500.0,Nad Stráněmi, Zlín
https://www.sreality.cz/detail/pronajem/byt/2+kk/zlin-zlin-zelinova/3783201612,48.0,2+kk,15000.0,Zelinova, Zlín
https://www.sreality.cz/detail/pronajem/byt/2+kk/zlin-zlin-plesnikova/3199349580,52.0,2+kk,13900.0,Plesníkova, Zlín
https://www.sreality.cz/detail/pronajem/byt/1+1/zlin-priluky-zborovska/1909986124,38.0,1+1,11000.0,Zborovská, Zlín - Příluky
https://www.sreality.cz/detail/pronajem/byt/2+1/zlin-zlin-cihlarska/2220364620,64.0,2+1,12000.0,Cihlářská, Zlín
https://www.sreality.cz/detail/pronajem/byt/1+1/zlin-mladcova-mokra-ii/3451134796,36.0,1+1,9500.0,Mokrá II, Zlín - Mladcová
https://www.sreality.cz/detail/pronajem/byt/1+1/zlin-mladcova-mokra-ii/716448588,46.0,1+1,11000.0,Mokrá II, Zlín - Mladcová
https://www.sreality.cz/detail/pronajem/byt/1+1/zlin-zlin-potoky/3927511884,37.0,1+1,11500.0,Potoky, Zlín
https://www.sreality.cz/detail/pronajem/byt/1+kk/zlin-zlin-na-honech-i/3561108300,27.0,1+kk,11500.0,Na Honech I, Zlín
https://www.sreality.cz/detail/pronajem/byt/1+kk/zlin-zlin-pasecka/1889145676,29.0,1+kk,10900.0,Pasecká, Zlín
https://www.sreality.cz/detail/pronajem/byt/1+kk/zlin-zlin-nad-stranemi/2467500876,33.0,1+kk,13500.0,Nad Stráněmi, Zlín
https://www.sreality.cz/detail/pronajem/byt/2+kk/zlin-zlin-pasecka/2006586188,50.0,2+kk,14800.0,Pasecká, Zlín
https://www.sreality.cz/detail/pronajem/byt/3+1/zlin-zlin-havlickovo-nabrezi/437310284,75.0,3+1,14000.0,Havlíčkovo nábřeží, Zlín
https://www.sreality.cz/detail/pronajem/byt/1+1/zlin-zlin-podvesna-vii/542737228,30.0,1+1,11900.0,Podvesná VII, Zlín
https://www.sreality.cz/detail/pronajem/byt/2+kk/zlin-zlin-sevcovska/52040524,65.0,2+kk,16900.0,Ševcovská, Zlín
https://www.sreality.cz/detail/pronajem/byt/3+1/zlin-malenovice-mlynska/993661772,68.0,3+1,16600.0,Mlýnská, Zlín - Malenovice
https://www.sreality.cz/detail/pronajem/byt/3+1/zlin-zlin-trida-tomase-bati/2219447116,76.0,3+1,25500.0,třída Tomáše Bati, Zlín
https://www.sreality.cz/detail/pronajem/byt/1+1/zlin-zlin-ceska/1295852364,33.0,1+1,13500.0,Česká, Zlín
https://www.sreality.cz/detail/pronajem/byt/3+kk/zlin-zlin-na-honech-i/795226956,65.0,3+kk,20000.0,Na Honech I, Zlín
https://www.sreality.cz/detail/pronajem/byt/3+kk/zlin-zlin-trida-tomase-bati/2046497612,75.0,3+kk,16000.0,třída Tomáše Bati, Zlín
https://www.sreality.cz/detail/pronajem/byt/1+kk/zlin-zlin-trida-tomase-bati/3220902732,25.0,1+kk,10000.0,třída Tomáše Bati, Zlín
https://www.sreality.cz/detail/pronajem/byt/2+1/zlin-kudlov-fabianka-ii/1377506124,48.0,2+1,13500.0,Fabiánka II, Zlín - Kudlov
https://www.sreality.cz/detail/pronajem/byt/2+kk/zlin-zlin-lorencova/3361612620,61.0,2+kk,15500.0,Lorencova, Zlín
https://www.sreality.cz/detail/pronajem/byt/1+kk/zlin-zlin-devadesata/3612021580,35.0,1+kk,12900.0,Devadesátá, Zlín
https://www.sreality.cz/detail/pronajem/byt/2+1/zlin-zlin-okruzni/2433557324,43.0,2+1,13800.0,Okružní, Zlín
https://www.sreality.cz/detail/pronajem/byt/1+1/zlin-zlin-ceska/4082377548,33.0,1+1,12500.0,Česká, Zlín
https://www.sreality.cz/detail/pronajem/byt/3+kk/zlin-zlin-mostni/623850316,86.0,3+kk,23000.0,Mostní, Zlín
https://www.sreality.cz/detail/pronajem/byt/2+1/zlin-zlin-sokolska/2815763276,58.0,2+1,11000.0,Sokolská, Zlín
https://www.sreality.cz/detail/pronajem/byt/2+kk/zlin-zlin-dily-iii/237777740,49.0,2+kk,17900.0,Díly III, Zlín
https://www.sreality.cz/detail/pronajem/byt/1+kk/zlin-zlin-smetanova/606282572,32.0,1+kk,12900.0,Smetanova, Zlín
https://www.sreality.cz/detail/pronajem/byt/2+kk/zlin-zlin-kuty/2542216012,51.0,2+kk,14500.0,Kúty, Zlín
https://www.sreality.cz/detail/pronajem/byt/2+kk/zlin-zlin-nad-stranemi/3042952012,63.0,2+kk,16000.0,Nad Stráněmi, Zlín
https://www.sreality.cz/detail/pronajem/byt/3+1/zlin-zlin-lucni/2360746828,76.0,3+1,21000.0,Luční, Zlín
https://www.sreality.cz/detail/pronajem/byt/3+1/zlin-zlin-benesovo-nabrezi/1650860876,72.0,3+1,26000.0,Benešovo nábřeží, Zlín
https://www.sreality.cz/detail/pronajem/byt/2+1/zlin-zlin-dukelska/3770205004,52.0,2+1,13000.0,Dukelská, Zlín
https://www.sreality.cz/detail/pronajem/byt/2+kk/zlin-zlin-dily-iii/1664930636,55.0,2+kk,17900.0,Díly III, Zlín
https://www.sreality.cz/detail/pronajem/byt/1+kk/zlin-zlin-stefanikova/956179276,25.0,1+kk,8200.0,Štefánikova, Zlín
https://www.sreality.cz/detail/pronajem/byt/2+1/zlin-zlin-benesovo-nabrezi/1394615116,54.0,2+1,18500.0,Benešovo nábřeží, Zlín
https://www.sreality.cz/detail/pronajem/byt/1+1/zlin-malenovice-husova/1727210316,33.0,1+1,13500.0,Husova, Zlín - Malenovice
https://www.sreality.cz/detail/pronajem/byt/3+1/zlin-prstne-svat-cecha/2619876172,65.0,3+1,19500.0,Svat. Čecha, Zlín - Prštné
https://www.sreality.cz/detail/pronajem/byt/3+1/zlin-mladcova-mokra-ii/2675061580,82.0,3+1,16000.0,Mokrá II, Zlín - Mladcová
https://www.sreality.cz/detail/pronajem/byt/3+kk/zlin-zlin-mostni/734798668,82.0,3+kk,22000.0,Mostní, Zlín
https://www.sreality.cz/detail/pronajem/byt/2+1/zlin-zlin-podlesi-ii/723264332,45.0,2+1,12900.0,Podlesí II, Zlín
https://www.sreality.cz/detail/pronajem/byt/1+1/zlin-zlin-stefanikova/452862796,28.0,1+1,10800.0,Štefánikova, Zlín
https://www.sreality.cz/detail/pronajem/byt/2+kk/zlin-zlin-zelinova/2612994892,53.0,2+kk,16000.0,Zelinova, Zlín
https://www.sreality.cz/detail/pronajem/byt/1+kk/zlin-zlin-vozenilkova/2447319884,30.0,1+kk,14000.0,Voženílkova, Zlín
https://www.sreality.cz/detail/pronajem/byt/3+kk/zlin-zlin-bratri-sousediku/953099084,58.0,3+kk,15500.0,Bratří Sousedíků, Zlín
https://www.sreality.cz/detail/pronajem/byt/1+1/zlin-priluky-zborovska/2383094604,38.0,1+1,11900.0,Zborovská, Zlín - Příluky
https://www.sreality.cz/detail/pronajem/byt/3+kk/zlin-zlin-nad-stranemi/1736782668,72.0,3+kk,19000.0,Nad Stráněmi, Zlín
https://www.sreality.cz/detail/pronajem/byt/4+1/zlin-zlin-slunecna/607466316,91.0,4+1,17000.0,Slunečná, Zlín
https://www.sreality.cz/detail/pronajem/byt/2+kk/zlin-zlin-sadova/971584332,73.0,2+kk,20000.0,Sadová, Zlín
https://www.sreality.cz/detail/pronajem/byt/4+kk/zlin-zlin-bratri-jaronku/3365352268,85.0,4+kk,19000.0,Bratří Jaroňků, Zlín
https://www.sreality.cz/detail/pronajem/byt/1+kk/zlin-zlin-nad-stranemi/2163602252,34.0,1+kk,12500.0,Nad Stráněmi, Zlín
https://www.sreality.cz/detail/pronajem/byt/3+kk/zlin-zlin-smetanova/2321544012,72.0,3+kk,22000.0,Smetanova, Zlín
https://www.sreality.cz/detail/pronajem/byt/3+1/zlin-zlin-vezove-domy/1463235404,65.0,3+1,18000.0,Věžové domy, Zlín
https://www.sreality.cz/detail/pronajem/byt/3+1/zlin-malenovice-tyrsova/1422996300,81.0,3+1,17500.0,Tyršova, Zlín - Malenovice
https://www.sreality.cz/detail/pronajem/byt/2+kk/zlin-zlin-nad-stranemi/410071884,53.0,2+kk,15800.0,Nad Stráněmi, Zlín
https://www.sreality.cz/detail/pronajem/byt/2+1/zlin-malenovice-chelcickeho/3058840396,54.0,2+1,13000.0,Chelčického, Zlín - Malenovice
https://www.sreality.cz/detail/pronajem/byt/3+kk/zlin-zlin-mostni/4254675788,94.0,3+kk,25000.0,Mostní, Zlín
https://www.sreality.cz/detail/pronajem/byt/2+kk/zlin-zlin-zelinova/2037760844,47.0,2+kk,18220.0,Zelinova, Zlín
https://www.sreality.cz/detail/pronajem/byt/3+kk/zlin-zlin-smetanova/546751308,70.0,3+kk,22000.0,Smetanova, Zlín
https://www.sreality.cz/detail/pronajem/byt/2+1/zlin-zlin-trida-tomase-bati/157336396,54.0,2+1,13500.0,třída Tomáše Bati, Zlín
https://www.sreality.cz/detail/pronajem/byt/2+1/zlin-prstne-naves/528597836,72.0,2+1,15000.0,Náves, Zlín - Prštné
https://www.sreality.cz/detail/pronajem/byt/1+kk/zlin-zlin-nad-stranemi/2163602252,34.0,1+kk,12500.0,Nad Stráněmi, Zlín
https://www.sreality.cz/detail/pronajem/byt/2+kk/zlin-priluky-pancava/659940172,60.0,2+kk,17000.0,Pančava, Zlín - Příluky
https://www.sreality.cz/detail/pronajem/byt/2+kk/zlin-zlin-nad-stranemi/3042952012,63.0,2+kk,16000.0,Nad Stráněmi, Zlín
https://www.sreality.cz/detail/pronajem/byt/2+1/zlin-malenovice-trida-svobody/2775302988,53.0,2+1,13100.0,třída Svobody, Zlín - Malenovice
https://www.sreality.cz/detail/pronajem/byt/2+1/zlin-kudlov-zluta/1660277580,57.0,2+1,18000.0,Žlutá, Zlín - Kudlov
https://www.sreality.cz/detail/pronajem/byt/2+kk/zlin-zlin-dlouha/1492636492,50.0,2+kk,16000.0,Dlouhá, Zlín
https://www.sreality.cz/detail/pronajem/byt/3+kk/zlin-zlin-tyrsovo-nabrezi/2767704908,73.0,3+kk,22000.0,Tyršovo nábřeží, Zlín
https://www.sreality.cz/detail/pronajem/byt/1+kk/zlin-zlin-nad-stranemi/504877900,33.0,1+kk,10000.0,Nad Stráněmi, Zlín
https://www.sreality.cz/detail/pronajem/byt/2+kk/zlin-zlin-/419615564,50.0,2+kk,13852.0,Zlín,Zlín
https://www.sreality.cz/detail/pronajem/byt/1+1/zlin-zlin-santraziny/4028793676,35.0,1+1,11000.0,Santražiny, Zlín
https://www.sreality.cz/detail/pronajem/byt/2+kk/zlin-zlin-nad-stranemi/3042952012,63.0,2+kk,16000.0,Nad Stráněmi, Zlín
https://www.sreality.cz/detail/pronajem/byt/3+kk/zlin-zlin-nad-stranemi/3904754508,83.0,3+kk,22900.0,Nad Stráněmi, Zlín
https://www.sreality.cz/detail/pronajem/byt/1+kk/zlin-prstne-svat-cecha/3718902604,30.0,1+kk,14000.0,Svat. Čecha, Zlín - Prštné
https://www.sreality.cz/detail/pronajem/byt/2+kk/zlin-zlin-tyrsovo-nabrezi/2549666636,50.0,2+kk,19000.0,Tyršovo nábřeží, Zlín
https://www.sreality.cz/detail/pronajem/byt/1+kk/zlin-prstne-svat-cecha/1856959308,29.0,1+kk,14000.0,Svat. Čecha, Zlín - Prštné
https://www.sreality.cz/detail/pronajem/byt/1+1/zlin-malenovice-pod-hradem-ii/2561114956,29.0,1+1,15000.0,Pod Hradem II, Zlín - Malenovice
https://www.sreality.cz/detail/pronajem/byt/1+1/zlin-malenovice-pod-hradem-ii/1169654604,27.0,1+1,15000.0,Pod Hradem II, Zlín - Malenovice
https://www.sreality.cz/detail/pronajem/byt/2+1/zlin-kostelec-lesenska/1053201228,78.0,2+1,15000.0,Lešenská, Zlín - Kostelec
https://www.sreality.cz/detail/pronajem/byt/3+kk/zlin-zlin-nad-stranemi/3404235340,143.0,3+kk,33000.0,Nad Stráněmi, Zlín
https://www.sreality.cz/detail/pronajem/byt/2+kk/zlin-louky-k-luham/1516360780,47.0,2+kk,13900.0,K Luhám, Zlín - Louky
